"","V1","city","gu","ad_dong","id","adstrd_code","cul_mean_amt","hel_mean_amt","medi_mean_amt","mean_commerce","conv_dep","mean_dep","bus_sum","wdoverwk","sub_sum","cluster","highsat","satis_ind"
"1",1,"서울특별시","종로구","청운효자동",1101072,1111051500,1.36170212765957,1.14285714285714,46.112582781457,369.077669902913,211.525242038964,425.092124090291,26,1.08979007731645,0,2,0,0.457725460647256
"2",2,"서울특별시","종로구","사직동",1101053,1111053000,16.7037914691943,21.4746376811594,109.643518518519,807.141552511416,173.407055999434,618.497795452564,29,1.67499607113554,2,2,0,0.550075022846742
"3",3,"서울특별시","종로구","삼청동",1101054,1111054000,1.31746031746032,1.86440677966102,10.5443786982249,205.859589041096,198.2104532964,347.54201784375,15,1.09028709177705,0,2,0,0.380087294930714
"4",4,"서울특별시","종로구","부암동",1101055,1111055000,1.07692307692308,1.16666666666667,7.59030837004405,274.752577319588,92.7093808985515,441.296805700167,34,0.979340089988526,0,2,0,0.466676226447557
"5",5,"서울특별시","종로구","평창동",1101056,1111056000,4.06965174129353,1.32142857142857,31.1105769230769,318.490740740741,117.777109315377,402.814453798361,57,0.891549221479395,0,2,0,0.470678326641765
"6",6,"서울특별시","종로구","무악동",1101057,1111057000,1.42857142857143,1.125,70.9421338155515,216.324817518248,266.136354679129,657.743917605556,3,1.14805161124492,0,3,0,0.783314894601658
"7",7,"서울특별시","종로구","교남동",1101058,1111058000,1.55555555555556,1.6,265.067381316998,364.546052631579,289.97691758053,744.733386922642,24,1.27899618059403,0,3,0,1.05738177715476
"8",8,"서울특별시","종로구","가회동",1101060,1111060000,2.02100840336134,8.52873563218391,12.6105919003115,258.66095890411,127.269739602225,468.402384415,22,1.61407346466769,0,2,0,0.446619799514905
"9",9,"서울특별시","종로구","종로1.2.3.4가동",1101061,1111061500,50.5351239669422,6.50511945392492,435.286982248521,2320.31165919283,114.884723376622,548.8830041875,61,1.77471557221241,5,2,0,0.748138216601482
"10",10,"서울특별시","종로구","종로5.6가동",1101063,1111063000,10.8142857142857,1.04,300.978292329957,672.517915309446,142.91087885745,830.340876988889,16,1.6942975954178,2,2,0,0.971682402127306
"11",11,"서울특별시","종로구","이화동",1101064,1111064000,3.62162162162162,1.67272727272727,530.796026490066,640.429928741093,134.940802128521,408.94358254186,21,1.53493892182723,1,2,0,0.569698353130681
"12",12,"서울특별시","종로구","혜화동",1101073,1111065000,46.2917647058824,15.6,180.5,1155.705,156.737949686563,549.180948808675,32,1.12291967776665,0,2,0,0.566980282087473
"13",13,"서울특별시","종로구","창신1동",1101067,1111067000,3.68609865470852,1.4622641509434,104.310714285714,458.178082191781,108.240823175096,495.771592479798,8,1.30833799123553,0,2,0,0.50741822431918
"14",14,"서울특별시","종로구","창신2동",1101068,1111068000,3.84322033898305,1,60.025641025641,299.985401459854,83.5267768462211,281.474578233911,2,1.09091383135493,1,2,0,0.339397549826678
"15",15,"서울특별시","종로구","창신3동",1101069,1111069000,1,1.49056603773585,10.2513089005236,187.065693430657,101.044830588962,386.697252971871,6,1.15097478089641,1,2,0,0.391022539675996
"16",16,"서울특별시","종로구","숭인1동",1101070,1111070000,3.05645161290323,1.28125,32.2161100196464,226.708222811671,91.5959728876424,422.745462192632,7,1.14120383662354,2,2,0,0.415987599940038
"17",17,"서울특별시","종로구","숭인2동",1101071,1111071000,7.04682274247492,8.27058823529412,37.5449915110357,672.145161290323,151.462012954937,497.846439509135,9,1.18454205013489,0,2,0,0.47172324407677
"18",18,"서울특별시","중구","소공동",1102052,1114052000,7.48214285714286,4.56451612903226,107.142857142857,1332.12761506276,192.808615473176,709.435894103571,24,2.14271313960243,2,2,0,0.742492761967138
"19",19,"서울특별시","중구","회현동",1102054,1114054000,7.19130434782609,1.76190476190476,224.677370030581,1347.72509225092,324.526710350667,749.669573821429,31,1.89368406248011,2,3,0,1.09003570423925
"20",20,"서울특별시","중구","명동",1102055,1114055000,20.5664160401003,12.6106870229008,325.10635155096,1216.79581151832,264.811964884213,858.760169833333,28,1.95819951009788,2,3,0,1.23646194675047
"21",21,"서울특별시","중구","필동",1102057,1114057000,23.82,7.30769230769231,58.819897084048,827.368421052632,130.14680900078,786.1343664025,9,1.62815986429852,0,2,0,0.770843990696051
"22",22,"서울특별시","중구","장충동",1102058,1114058000,3.03181818181818,2.52112676056338,13.2391304347826,455.712328767123,106.468517723814,554.173457082368,11,1.36248315924083,1,2,0,0.522534950160883
"23",23,"서울특별시","중구","광희동",1102059,1114059000,29.1303116147309,26.5194805194805,112.084563758389,1210.80313199105,47.6875684482622,737.685923812821,17,1.70185353051651,3,2,0,0.627291702252587
"24",24,"서울특별시","중구","을지로동",1102060,1114060500,18.7988505747126,2.22619047619048,109.811819595645,869.418118466899,188.885818573962,625.781365970588,16,2.31184168476124,4,2,0,0.614833554060755
"25",25,"서울특별시","중구","신당동",1102069,1114061500,9.49819494584838,26.5833333333333,60.7154213036566,741.512903225806,162.713406269744,839.349225418333,8,1.65062059241543,2,2,0,0.693428689397128
"26",26,"서울특별시","중구","다산동",1102070,1114062500,24.3184713375796,2.82352941176471,129.535842293907,653.489417989418,138.912687114522,590.474038103478,7,1.2391829045925,0,2,0,0.597461357201452
"27",27,"서울특별시","중구","약수동",1102071,1114063500,4.45756457564576,3.15217391304348,114.674963396779,620.399082568807,158.467619033612,633.978235247065,12,1.12080037526587,2,2,0,0.622565636167655
"28",28,"서울특별시","중구","청구동",1102072,1114064500,3.16149068322981,2.14634146341463,37.5302713987474,374.264214046823,236.607628256412,642.907812664045,6,1.21960271495048,0,3,0,0.757464631239247
"29",29,"서울특별시","중구","신당5동",1102065,1114065000,5.11923076923077,1.41071428571429,90.0017667844523,364.906451612903,136.616193509158,436.237258027119,9,1.23215937412061,0,2,0,0.45648660324618
"30",30,"서울특별시","중구","동화동",1102073,1114066500,4.61780104712042,1.34615384615385,66.9484732824427,452.206467661692,249.001630012683,572.138589225,4,1.21244602707418,0,3,0,0.691039237331641
"31",31,"서울특별시","중구","황학동",1102067,1114067000,5.37458193979933,16.7124600638978,72.1018518518518,755.567198177677,133.773414668036,697.920798844342,7,1.13384404485492,2,2,0,0.601328178783886
"32",32,"서울특별시","중구","중림동",1102068,1114068000,5.9935691318328,3.09677419354839,69.8015122873346,438.150684931507,228.359786907922,792.452279478992,11,1.31038986880156,0,3,0,0.987971232089998
"33",33,"서울특별시","용산구","후암동",1103051,1117051000,3.50416666666667,1.31578947368421,45.25625,718.393548387097,154.472380246023,538.91564825034,19,1.22948735576551,0,2,0,0.55012361053777
"34",34,"서울특별시","용산구","용산2가동",1103052,1117052000,2.39597315436242,1.23076923076923,28.7725225225225,472.242320819113,36.616545764893,336.133570224258,27,1.07182666818113,1,2,0,0.390569234954178
"35",35,"서울특별시","용산구","남영동",1103053,1117053000,594.502118644068,15.9914893617021,154.616129032258,692.816513761468,97.7287007184154,353.195536400826,21,1.48988692387479,2,1,0,0.665150913560518
"36",36,"서울특별시","용산구","청파동",1103071,1117055500,7.76173285198556,1.85,58.4027565084227,2078.75161290323,172.091046400455,735.792470604487,22,1.30437637395066,0,2,0,0.824527729064961
"37",37,"서울특별시","용산구","원효로1동",1103072,1117056000,4.95633187772926,1.64383561643836,51.3655705996132,443.979498861048,191.223439126281,740.055013027741,24,1.43490866731348,0,2,0,0.757618583781493
"38",38,"서울특별시","용산구","원효로2동",1103057,1117057000,2.72689075630252,1.375,21.017316017316,333.781758957655,120.641894721908,495.265130187633,23,1.06067832529143,0,2,0,0.499800423551878
"39",39,"서울특별시","용산구","효창동",1103058,1117058000,6.71111111111111,1.86274509803922,42.7710084033613,320.796774193548,191.663816178951,696.747562613281,15,1.16717187816315,1,2,0,0.672395428349156
"40",40,"서울특별시","용산구","용문동",1103059,1117059000,1.90643274853801,1,24.9362139917695,279.151898734177,155.998992341259,685.179525873713,17,1.10388229992764,0,2,0,0.66943259971399
"41",41,"서울특별시","용산구","한강로동",1103073,1117062500,80.5431818181818,7.85815602836879,157.737541528239,1142.28487518355,225.838589664181,729.626471595765,40,1.35240008677142,4,3,0,0.951668200339084
"42",42,"서울특별시","용산구","이촌1동",1103063,1117063000,2.52582159624413,3.12280701754386,110.632857142857,726.522580645161,269.648439413042,728.982312186396,13,1.06003013739188,0,3,0,0.93165405334391
"43",43,"서울특별시","용산구","이촌2동",1103064,1117064000,1,12.4710743801653,7.55489614243323,226.143859649123,106.881579594725,469.218499773529,8,1.03454580369547,0,2,0,0.416574902523985
"44",44,"서울특별시","용산구","이태원1동",1103065,1117065000,9.54716981132075,3.98260869565217,26.3375,661.977419354839,76.4952761858273,393.015922188522,15,0.934697664840785,1,2,0,0.41025889108815
"45",45,"서울특별시","용산구","이태원2동",1103066,1117066000,2.47014925373134,1.74324324324324,31.2095435684647,479.406779661017,98.649112667676,360.828485402357,18,1.03178906491856,0,2,0,0.402196444017288
"46",46,"서울특별시","용산구","한남동",1103074,1117068500,7.61176470588235,14.568578553616,170.315642458101,737.039772727273,228.85518431705,614.14545132639,34,1.06810302107946,1,3,0,0.757173900481452
"47",47,"서울특별시","용산구","서빙고동",1103069,1117069000,1,1.425,13.9030837004405,192.663551401869,144.975187894435,480.839222130839,21,1.03507354438634,0,2,0,0.479995109861961
"48",48,"서울특별시","용산구","보광동",1103070,1117070000,2.77868852459016,1,74.2662942271881,557.072139303483,95.398753058129,408.875828034375,11,0.977132224712268,0,2,0,0.441647501242737
"49",49,"서울특별시","성동구","왕십리2동",1104052,1120052000,5.44404332129964,1.11538461538462,33.0315581854043,313.501259445844,142.095072451508,551.877097021705,13,1.07385437237311,1,2,0,0.530455608365311
"50",50,"서울특별시","성동구","왕십리도선동",1104071,1120053500,9.82608695652174,7.66129032258065,108.027883396705,824.012437810945,265.293549165498,821.858750476945,26,1.15722207000943,0,3,0,1.08072741970153
"51",51,"서울특별시","성동구","마장동",1104054,1120054000,4.8219696969697,1.30769230769231,58.7410207939509,678.916129032258,175.23608393644,625.405160688341,28,1.14284074793857,1,2,0,0.640289924179183
"52",52,"서울특별시","성동구","사근동",1104055,1120055000,49.8548387096774,3.27835051546392,81.6492248062015,687.774278215223,168.054190473397,643.021123612903,35,1.16233540086308,2,2,0,0.658506888026667
"53",53,"서울특별시","성동구","행당1동",1104056,1120056000,42.9906103286385,13.1297709923664,195.77047146402,901.255269320843,117.253976588255,435.228441076438,26,1.14586835333984,2,2,0,0.458408418035448
"54",54,"서울특별시","성동구","행당2동",1104057,1120057000,1.66666666666667,1.56896551724138,43.646,350.237057220708,141.425805341977,533.379677590287,27,1.01526576595056,1,2,0,0.535138500221862
"55",55,"서울특별시","성동구","응봉동",1104058,1120058000,1.08333333333333,1.08333333333333,8.06398104265403,194.291095890411,167.09406706634,475.254087424867,27,0.981050300774299,0,2,0,0.482639912419351
"56",56,"서울특별시","성동구","금호1가동",1104059,1120059000,1.56944444444444,1.46875,52.8253968253968,281.427083333333,305.778548154452,763.247422712472,35,1.04229410139547,0,3,0,0.994996831093109
"57",57,"서울특별시","성동구","금호2.3가동",1104072,1120061500,5.77016129032258,2.03260869565217,86.9223140495868,376.454545454545,267.444677388191,693.280220543692,48,1.06573402807563,1,3,0,0.922671958391834
"58",58,"서울특별시","성동구","금호4가동",1104062,1120062000,3.5906976744186,1.77215189873418,76.5,434.835616438356,336.927884196665,806.316638185388,18,1.06965200180032,1,3,0,1.02765934967142
"59",59,"서울특별시","성동구","옥수동",1104073,1120064500,2.52816901408451,4.04237288135593,73.8563535911602,446.53317535545,287.110247742397,753.053177590761,40,1.08434360891977,1,3,0,0.976855359456029
"60",60,"서울특별시","성동구","성수1가1동",1104065,1120065000,6.43323442136499,1.82575757575758,47.95625,988.752442996743,175.810189047091,534.330318712646,33,1.03846703581863,0,2,0,0.572517823402308
"61",61,"서울특별시","성동구","성수1가2동",1104066,1120066000,5.7396449704142,3.38095238095238,81.0910780669145,603.511278195489,129.706747189122,459.302555028225,12,1.23659835157251,1,2,0,0.467190460621578
"62",62,"서울특별시","성동구","성수2가1동",1104067,1120067000,7.93835616438356,10.1578947368421,89.4527272727273,1474.55555555556,103.614202131521,390.285887120796,30,1.13854467933691,0,2,0,0.443197190314411
"63",63,"서울특별시","성동구","성수2가3동",1104068,1120069000,18.7933333333333,12.5386904761905,118.427941176471,1348.41891891892,116.524620660754,599.030678143323,21,1.71185828264788,1,2,0,0.591013518467364
"64",64,"서울특별시","성동구","송정동",1104069,1120072000,3.23766816143498,1.22727272727273,30.1555023923445,336.258064516129,115.637220344925,494.326360516923,15,1.04618849763569,0,2,0,0.492408041273986
"65",65,"서울특별시","성동구","용답동",1104070,1120079000,7.15107913669065,1.80722891566265,46.6479250334672,568.31935483871,242.844852490388,638.513888486916,13,1.09193812366486,3,3,0,0.74717555787398
"66",66,"서울특별시","광진구","화양동",1105053,1121571000,85.4403669724771,26.0353982300885,256.242562929062,1414.76309794989,142.984070288398,732.506108651136,18,1.10818798718682,2,2,0,0.694197274207858
"67",67,"서울특별시","광진구","군자동",1105054,1121573000,13.5400943396226,3.17543859649123,93.9954058192956,1301.63225806452,186.850159551067,657.835741624,22,1.1527560258716,0,2,0,0.701442597585242
"68",68,"서울특별시","광진구","중곡1동",1105055,1121574000,8.53,2.11904761904762,81.047913446677,677.051569506726,94.9104318255246,411.732740466636,17,1.06925790427783,2,2,0,0.438287160196991
"69",69,"서울특별시","광진구","중곡2동",1105056,1121575000,11.1543624161074,1.7375,141.140718562874,596.116666666667,120.65484154439,378.412792818163,16,1.14874521762668,0,2,0,0.439656679695153
"70",70,"서울특별시","광진구","중곡3동",1105057,1121576000,7.64912280701754,1.47826086956522,55.7211796246649,475.729032258065,128.246944867029,437.401377658731,24,1.028825620938,1,2,0,0.461967571447787
"71",71,"서울특별시","광진구","중곡4동",1105058,1121577000,13.9700996677741,2.73,104.262206148282,730.296019900498,124.806138371981,433.537914804574,32,0.994540809918421,0,2,0,0.489649207196793
"72",72,"서울특별시","광진구","능동",1105059,1121578000,16.9647887323944,2.22340425531915,42.2097902097902,646.47602739726,219.504395884058,774.222157112381,7,1.10961897441663,2,3,0,0.927457917396273
"73",73,"서울특별시","광진구","광장동",1105063,1121581000,3.02380952380952,8.49112426035503,83.1270417422867,800.118721461187,324.697993020841,696.312137291877,36,1.0374485786167,1,3,0,0.87363241704372
"74",74,"서울특별시","광진구","자양1동",1105064,1121582000,7.49484536082474,1.42105263157895,120.137834036568,705.377308707124,110.279193009007,444.802935191341,7,1.20956201867163,0,2,0,0.477286578307253
"75",75,"서울특별시","광진구","자양2동",1105065,1121583000,9.48763250883392,3.20792079207921,60.3288288288288,588.425806451613,109.586011946123,442.074958392352,20,1.04109777194933,1,2,0,0.458569105256706
"76",76,"서울특별시","광진구","자양3동",1105066,1121584000,17.4825174825175,12.4713375796178,87.7068062827225,962.034782608696,160.304508222947,552.435807410022,16,1.0692853860815,1,2,0,0.521409462798742
"77",77,"서울특별시","광진구","자양4동",1105067,1121584700,18.6735159817352,1.575,122.637992831541,1213.08387096774,71.3343486907811,337.701585980547,9,1.08392545398131,0,2,0,0.415890245464947
"78",78,"서울특별시","광진구","구의1동",1105060,1121585000,21.6775147928994,1.79824561403509,121.107547169811,830.856790123457,93.1049495038987,461.98952343683,10,1.25475683951314,0,2,0,0.496594021574949
"79",79,"서울특별시","광진구","구의2동",1105061,1121586000,7.58419243986254,3.8,61.3065693430657,678.373576309795,133.249132632241,535.119042561153,22,1.02062762338915,0,2,0,0.543235408391289
"80",80,"서울특별시","광진구","구의3동",1105062,1121587000,27.2374429223744,68.4712230215827,199.984455958549,932.370283018868,201.115593163683,590.187757275472,26,1.15572389009165,1,2,0,0.382072071431773
"81",81,"서울특별시","동대문구","용신동",1106081,1123053600,16.0482573726542,2.2020202020202,152.211597151577,1509.18905472637,150.514994527995,739.991514023897,40,1.25161627791051,3,2,0,0.843613527553391
"82",82,"서울특별시","동대문구","제기동",1106082,1123054500,2.56890459363958,1.58536585365854,64.8886255924171,886.990322580645,124.482939444108,517.889739415639,27,1.19990763045294,1,2,0,0.544499731677961
"83",83,"서울특별시","동대문구","전농1동",1106083,1123056000,23.2253521126761,5.85775862068965,144.563662374821,1006.77611940299,97.9146197824767,431.953150212212,28,1.15913878772136,0,2,0,0.489553267521076
"84",84,"서울특별시","동대문구","전농2동",1106084,1123057000,8.9963768115942,1.94805194805195,84.1973018549747,369.810933940774,98.3293746213955,389.461198929155,13,1.13273690645451,0,2,0,0.424569356650988
"85",85,"서울특별시","동대문구","답십리1동",1106091,1123060000,5.20979020979021,4.5,109.13381294964,636.4,137.401736641866,626.790029479474,27,1.1980597518915,0,2,0,0.648433033490506
"86",86,"서울특별시","동대문구","답십리2동",1106086,1123061000,6.72627737226277,1.74626865671642,58.2,818.553398058252,93.9477307162413,479.690777169727,16,1.13286890012255,0,2,0,0.501148583197427
"87",87,"서울특별시","동대문구","장안1동",1106087,1123065000,22.3119266055046,17.2899628252788,167.786610878661,1847.1,97.5799302720746,493.024163599333,28,1.23917630597695,0,2,0,0.523047863527784
"88",88,"서울특별시","동대문구","장안2동",1106088,1123066000,22.9214780600462,9.23228346456693,147.35590778098,1072.27516778523,109.214902818606,416.808546555696,27,1.07241118209603,0,2,0,0.466194128272522
"89",89,"서울특별시","동대문구","청량리동",1106080,1123070500,10.9181818181818,1.90243902439024,83.2960451977401,577.716129032258,122.416650995345,377.038209382203,25,1.1099662129327,1,2,0,0.427625034216177
"90",90,"서울특별시","동대문구","회기동",1106071,1123071000,30.8881578947368,5.728,247.411078717201,654.671875,156.43646815699,504.155043042188,10,1.24396605553079,0,2,0,0.545196557984157
"91",91,"서울특별시","동대문구","휘경1동",1106072,1123072000,7.70921985815603,17.0753768844221,80.6938053097345,912.283870967742,121.084636094199,405.999408621934,15,1.14936623565521,0,2,0,0.399075317307956
"92",92,"서울특별시","동대문구","휘경2동",1106073,1123073000,4.19183673469388,1.27027027027027,104.33014354067,728.83498349835,86.849344581106,353.857180655006,17,1.17545699905775,0,2,0,0.420198317590069
"93",93,"서울특별시","동대문구","이문1동",1106089,1123074000,20.452380952381,3.04545454545455,97.0273037542662,811.04555808656,98.3678023807383,397.097242925346,25,1.13924947799074,0,2,0,0.453144127751986
"94",94,"서울특별시","동대문구","이문2동",1106090,1123075000,2.57792207792208,1.3,65.2317290552585,575.38064516129,98.4930324328726,421.74940266864,12,1.08354561227569,0,2,0,0.449175731469135
"95",95,"서울특별시","중랑구","면목2동",1107052,1126052000,7.94160583941606,10.241935483871,70.8434650455927,550.865671641791,123.006312796829,445.37482674,21,1.09649447259101,0,2,1,0.444277253253511
"96",96,"서울특별시","중랑구","면목4동",1107054,1126054000,3.16460905349794,1,36.925,535.651612903226,201.281080487814,524.667960332027,12,1.02150692606459,1,2,1,0.514619450339432
"97",97,"서울특별시","중랑구","면목5동",1107055,1126055000,2.12676056338028,2.11538461538462,4.66117216117216,271.909547738693,141.973891589492,581.206423637264,15,1.02217080417267,0,2,1,0.55237282915108
"98",98,"서울특별시","중랑구","면목본동",1107071,1126056500,16.4917491749175,1.775,139.203448275862,1083.67419354839,132.643384675984,593.71665595233,28,1.08036527477327,1,2,1,0.647899016271184
"99",99,"서울특별시","중랑구","면목7동",1107057,1126057000,13.9723183391003,2.8411214953271,95.9513590844063,498.321184510251,164.906198652343,626.988456941799,17,1.01267164712003,0,2,1,0.631922117871411
"100",100,"서울특별시","중랑구","면목3.8동",1107072,1126057500,22.2452830188679,2.36470588235294,107.770025839793,670.022388059701,192.516388558868,589.707930728909,0,1.0559639461306,1,2,1,0.574254292120996
"101",101,"서울특별시","중랑구","상봉1동",1107059,1126058000,3.54509803921569,1.39285714285714,70.2707581227437,616.293532338308,147.379615584838,518.495246720427,16,1.12561179630685,0,2,1,0.532130672142413
"102",102,"서울특별시","중랑구","상봉2동",1107060,1126059000,36.4770833333333,3.86725663716814,90.7301587301587,1544.53530751708,149.12351267414,675.090364599078,15,1.10892424315746,0,2,1,0.71358851413702
"103",103,"서울특별시","중랑구","중화1동",1107061,1126060000,3.07258064516129,1.37254901960784,53.1525423728814,465.432258064516,122.540305906833,422.577013788569,14,1.1098282295455,1,2,1,0.439673554678892
"104",104,"서울특별시","중랑구","중화2동",1107062,1126061000,19.758064516129,19.7089552238806,125.205357142857,858.422885572139,103.914848464329,433.290957641446,28,1.09412771987131,0,2,1,0.430206592679741
"105",105,"서울특별시","중랑구","묵1동",1107064,1126062000,7.4551724137931,1.36363636363636,76.1771428571429,756.555808656036,165.398579326715,479.614976322368,31,1.00018938738306,1,2,1,0.517265602194418
"106",106,"서울특별시","중랑구","묵2동",1107065,1126063000,13.6495176848875,3.17142857142857,100.167619047619,392.337129840547,152.100413044407,550.089034179147,19,0.988457919997858,0,2,1,0.557610925029368
"107",107,"서울특별시","중랑구","망우본동",1107073,1126065500,16.7257525083612,2.925,154.870520231214,924.922551252847,206.104268782858,573.626568348384,55,1.07003806778664,1,2,1,0.663584811086465
"108",108,"서울특별시","중랑구","망우3동",1107068,1126066000,5.37848605577689,3.175,27.400974025974,324.670886075949,98.1676372371651,405.328196168656,11,1.06053950096438,0,2,1,0.415143911628942
"109",109,"서울특별시","중랑구","신내1동",1107069,1126068000,8.50171821305842,20.7735849056604,123.869375907112,569.981776765376,159.522594148685,301.320352462375,48,1.03494769305341,0,2,1,0.356184974175096
"110",110,"서울특별시","중랑구","신내2동",1107070,1126069000,2.96888888888889,1.54794520547945,99.4684975767367,386.796992481203,123.6110235752,430.869108460332,21,1.12099283295459,1,2,1,0.461926650885606
"111",111,"서울특별시","성북구","성북동",1108081,1129052500,1.58227848101266,2.42424242424242,55.3875236294896,322.940639269406,147.653390564422,529.862368349741,50,1.03207500052977,0,2,1,0.569821007980709
"112",112,"서울특별시","성북구","삼선동",1108082,1129055500,17.6847133757962,2.08108108108108,174.177419354839,1130.18656716418,180.943362827601,720.604470668604,40,1.15651420599502,2,2,1,0.821948672433232
"113",113,"서울특별시","성북구","동선동",1108083,1129057500,34.3299798792757,12.4181818181818,152.252707581227,1035.5064516129,220.000348141893,571.841481623396,18,1.12464519011013,0,3,1,0.707394139397526
"114",114,"서울특별시","성북구","돈암1동",1108058,1129058000,1.65384615384615,1.21621621621622,29.8172043010753,230.45390070922,145.349570139514,478.258945435632,10,1.10107783547104,0,2,1,0.471086293551287
"115",115,"서울특별시","성북구","돈암2동",1108059,1129059000,-28.0579475982943,1.97183098591549,17.1116625310174,182.72952853598,157.283447652975,558.123729245963,29,1.01142486323716,0,2,1,0.552370799453345
"116",116,"서울특별시","성북구","안암동",1108060,1129060000,46.1193548387097,3.05,274.477049180328,1089.07419354839,128.020756519343,436.06948164,32,1.37070081257608,1,2,1,0.540725464179683
"117",117,"서울특별시","성북구","보문동",1108061,1129061000,2.17840375586854,2.21176470588235,39.8186356073211,470.138952164009,178.117605734712,604.043250677519,10,1.14315013797797,1,2,1,0.574736476711538
"118",118,"서울특별시","성북구","정릉1동",1108062,1129062000,1.78472222222222,2.16470588235294,44.6553480475382,256.330166270784,102.836620745784,366.347827867625,13,1.04999022247253,0,2,1,0.397205531585281
"119",119,"서울특별시","성북구","정릉2동",1108063,1129063000,3.76951672862454,1.47727272727273,48.662273476112,752.625806451613,91.428194620025,430.607748089121,53,0.994580042891305,0,2,1,0.503795766395647
"120",120,"서울특별시","성북구","정릉3동",1108064,1129064000,2.87745098039216,1,19.8567708333333,626.938709677419,88.8380328246623,411.647870003636,28,0.978590177889392,0,2,1,0.451034070231645
"121",121,"서울특별시","성북구","정릉4동",1108065,1129065000,3.76045627376426,2.11538461538462,73.394584139265,475.825806451613,105.266325474949,365.056014057781,34,0.958763135200062,0,2,1,0.429402393022865
"122",122,"서울특별시","성북구","길음1동",1108066,1129066000,7.05069124423963,13.3990825688073,95.215503875969,593.851936218679,182.157616988102,578.568772376905,30,1.07528807227392,1,2,1,0.549012948396356
"123",123,"서울특별시","성북구","길음2동",1108068,1129068500,1.62295081967213,2.08955223880597,82.1371527777778,576.810810810811,124.841925510282,447.828026161739,22,1.06265223960255,0,2,1,0.481339640471092
"124",124,"서울특별시","성북구","종암동",1108084,1129070500,8.56435643564356,4.32786885245902,107.073170731707,1130.35806451613,139.822606530898,522.478489674111,51,1.1165110535385,1,2,1,0.590245049463319
"125",125,"서울특별시","성북구","월곡1동",1108071,1129071500,3.38059701492537,2.10679611650485,85.4163090128755,615.590322580645,111.752945264351,451.545315228928,23,1.07172853797605,0,2,1,0.487286201232022
"126",126,"서울특별시","성북구","월곡2동",1108072,1129072500,14.8714285714286,5.39622641509434,77.8757668711656,845.19589977221,90.7912033932805,374.648491687585,34,1.03170753687201,2,2,1,0.422608619174253
"127",127,"서울특별시","성북구","장위1동",1108076,1129076000,5.48221343873518,1,37.7444219066937,494.854838709677,97.0250586977081,335.773871063253,33,1.01511563253237,0,2,1,0.405027642980041
"128",128,"서울특별시","성북구","장위2동",1108077,1129077000,5.23628691983122,1.22222222222222,47.0164203612479,148.938709677419,72.2211936965777,404.023751201433,29,1.08498547940813,1,2,1,0.433865477738251
"129",129,"서울특별시","성북구","장위3동",1108078,1129078000,21.5745360497241,6.24675324675325,22.8817204301075,221.705596107056,143.143609647057,474.582762767976,36,1.03899137695824,0,2,1,0.47718075627776
"130",130,"서울특별시","성북구","석관동",1108085,1129081000,17.0778443113772,3.43891402714932,88.5754276827372,1367.83225806452,111.464308297385,559.866095286606,30,1.0863956761898,0,2,1,0.610472821042704
"131",131,"서울특별시","강북구","삼양동",1109069,1130553400,5,1.20833333333333,96.2777777777778,680.895261845387,78.2447573401745,386.216239169883,33,1.01851013937902,0,2,0,0.457317980902999
"132",132,"서울특별시","강북구","미아동",1109070,1130553500,21.6077170418006,2.59550561797753,135.421303656598,900.832258064516,118.5362500916,336.983100032857,26,1.12462027759883,1,2,0,0.418779169477883
"133",133,"서울특별시","강북구","송중동",1109071,1130554500,26.5067178502879,9.04471544715447,162.686676427526,751.672384219554,138.351972652118,425.292951344074,58,1.09108489329039,2,2,0,0.491343643652135
"134",134,"서울특별시","강북구","송천동",1109072,1130555500,15.3003412969283,4.62096774193548,109.334415584416,638.410022779043,88.3279636833609,397.729160728868,17,1.09136111947934,0,2,0,0.437660020048781
"135",135,"서울특별시","강북구","삼각산동",1109073,1130557500,4.5672268907563,3.5,93.9703315881326,320.631828978622,157.884546903809,466.03949843746,20,1.02380796548199,0,2,0,0.483488728495509
"136",136,"서울특별시","강북구","번1동",1109060,1130559500,2.45283018867925,1.95,7.89545454545455,37.0152671755725,98.6103262531643,459.474994103922,25,1.09140147589964,0,2,0,0.460737407755562
"137",137,"서울특별시","강북구","번2동",1109061,1130560300,1.47619047619048,1.2,11.7787610619469,46.0313901345291,102.040662019286,343.580327189189,36,1.0366784578413,0,2,0,0.396398972792298
"138",138,"서울특별시","강북구","번3동",1109062,1130560800,1,1.21428571428571,9.78680203045685,78.1240875912409,72.9186193124407,334.897396315044,35,1.00540419844695,0,2,0,0.39021230396841
"139",139,"서울특별시","강북구","수유1동",1109063,1130561500,-13.0509380842277,1.43589743589744,-10.398968162288,112.080291970803,75.0649346517846,423.436370368182,40,1.06774071656677,0,2,0,0.450550159496209
"140",140,"서울특별시","강북구","수유2동",1109064,1130562500,1.75471698113208,1.44186046511628,2.49324324324324,95.3768656716418,87.1720536063442,399.362217190476,15,1.04999445316213,0,2,0,0.410079755304218
"141",141,"서울특별시","강북구","수유3동",1109065,1130563500,11.952,2.06593406593407,22.5371428571429,98.0769230769231,176.257731355381,601.676819440523,23,1.096773288751,0,2,0,0.582128281210846
"142",142,"서울특별시","강북구","우이동",1109074,1130564500,6.1203007518797,1.31578947368421,57.2626050420168,664.929032258064,58.986848626173,399.027124761225,36,0.889939509518843,0,2,0,0.459711456337958
"143",143,"서울특별시","강북구","인수동",1109075,1130566000,5.65102639296188,1.28571428571429,57.3618513323983,757.18064516129,78.0661292962233,364.346503099556,48,1.03994611075519,0,2,0,0.450330908586554
"144",144,"서울특별시","도봉구","창1동",1110059,1132051100,9.81229773462783,16.0223214285714,99.7703703703704,398.596810933941,101.199655432135,356.253859569031,22,1.12951935107154,1,2,0,0.365546018337754
"145",145,"서울특별시","도봉구","창2동",1110060,1132051200,5.79296875,3.24161073825503,47.2546875,597.132118451025,104.044217949443,381.686999761013,24,1.02986212309652,0,2,0,0.42343137493856
"146",146,"서울특별시","도봉구","창3동",1110061,1132051300,3.85140562248996,2.24444444444444,62.6146788990826,176.435323383085,106.745517254387,362.364117650635,15,1.03140379484253,0,2,0,0.398354084825695
"147",147,"서울특별시","도봉구","창4동",1110062,1132051400,6.51953125,1.95081967213115,89.5880217785844,1095.95078299776,111.493765247026,380.46003707738,32,1.06098760685983,0,2,0,0.458520482552835
"148",148,"서울특별시","도봉구","창5동",1110063,1132051500,11.4831932773109,18.4152542372881,117.390898483081,453.63698630137,85.857219826199,400.230264906521,20,1.13331226560996,1,2,0,0.387724928269728
"149",149,"서울특별시","도봉구","도봉1동",1110064,1132052100,11.358803986711,1.46808510638298,57.9868421052632,676.212903225806,61.7127555080726,283.889675303281,37,0.928082644549445,0,2,0,0.382977104274629
"150",150,"서울특별시","도봉구","도봉2동",1110065,1132052200,2.86082474226804,3,43.781746031746,418.822323462415,121.809432245311,464.746140040429,45,1.06317628228294,1,2,0,0.497159243047756
"151",151,"서울특별시","도봉구","쌍문1동",1110051,1132066000,1.54385964912281,1.25,22.9792332268371,428.997722095672,72.6514999704492,339.366692929,42,1.02409506240463,0,2,0,0.410784865042351
"152",152,"서울특별시","도봉구","쌍문2동",1110052,1132067000,7.16981132075472,9.12371134020619,68.3055162659123,396.498861047836,70.6650388486788,314.130947878179,13,1.08668162875437,0,2,0,0.352440683766406
"153",153,"서울특별시","도봉구","쌍문3동",1110053,1132068000,3.63453815261044,1.48148148148148,116.878832116788,550.103225806452,99.9626675362088,353.237770966522,16,1.1257208310849,0,2,0,0.41654060907863
"154",154,"서울특별시","도봉구","쌍문4동",1110054,1132068100,1.38461538461538,1.56521739130435,42.169696969697,463.758064516129,100.183994457183,345.036158726584,15,1.00876361245107,0,2,0,0.391755753687684
"155",155,"서울특별시","도봉구","방학1동",1110055,1132069000,19.6257668711656,3.21929824561404,97.9524375743163,1019.59810874704,144.501946940519,443.07477979797,33,1.06105093702464,0,2,0,0.503099161529097
"156",156,"서울특별시","도봉구","방학2동",1110056,1132070000,2.63485477178423,4.13071895424837,42.865561694291,562.383870967742,126.737574807102,392.827196143718,20,0.98792984039541,0,2,0,0.421949920415548
"157",157,"서울특별시","도봉구","방학3동",1110057,1132071000,3.73412698412698,2.51648351648352,44.4835355285962,245.006833712984,83.1780447868022,309.863691126747,32,0.962363551361007,0,2,0,0.378717066155453
"158",158,"서울특별시","노원구","월계1동",1111051,1135056000,39.8173374613003,16.9612403100775,91.8743016759776,628.749430523918,130.842586338788,410.447706335359,46,1.1150890785085,0,2,0,0.429641661724633
"159",159,"서울특별시","노원구","월계2동",1111052,1135057000,2.44117647058824,1.11111111111111,50.5548902195609,406.093394077449,95.1798012729875,386.889591881735,35,1.03813727167149,0,2,0,0.442212805053592
"160",160,"서울특별시","노원구","월계3동",1111053,1135058000,1.44827586206897,1.21428571428571,49.7866184448463,812.924829157175,89.2788930156219,374.019685758636,24,1.00655843204746,1,2,0,0.425016516046756
"161",161,"서울특별시","노원구","공릉1동",1111079,1135059500,13.6625386996904,13.5597014925373,155.730769230769,1172.41293532338,109.244704079597,438.168360300641,48,0.99614158902781,3,2,0,0.474824880798039
"162",162,"서울특별시","노원구","공릉2동",1111056,1135060000,29.2179487179487,5.66949152542373,166.726726726727,908.469798657718,123.917983885724,437.600076725609,59,1.07086661262711,1,2,0,0.529631248826944
"163",163,"서울특별시","노원구","하계1동",1111058,1135061100,2.10747663551402,5.29347826086957,167.662411347518,770.257270693512,110.055266398442,432.057024909256,35,1.09023220412283,0,2,0,0.499779722081215
"164",164,"서울특별시","노원구","하계2동",1111059,1135061200,-9.91647042707347,1.21621621621622,14.9025522041763,190.231884057971,91.20651332204,409.847720432929,20,1.01394288837704,1,2,0,0.422084549165016
"165",165,"서울특별시","노원구","중계본동",1111060,1135061900,5.22826086956522,1.76543209876543,110.621973929237,544.412300683371,114.267043407683,414.159265589963,19,0.999109618799072,0,2,0,0.459980151277926
"166",166,"서울특별시","노원구","중계1동",1111061,1135062100,7.44852941176471,2.17647058823529,72.7741379310345,676.332547169811,151.564285657082,509.139785585643,18,1.02709873073393,0,2,0,0.525957074949475
"167",167,"서울특별시","노원구","중계4동",1111064,1135062400,13.8626198083067,1.97183098591549,106.250379362671,682.745161290323,106.579467906021,388.010830972093,6,1.01811864900812,0,2,0,0.42890945324355
"168",168,"서울특별시","노원구","중계2.3동",1111078,1135062500,24.8270440251572,10.3875968992248,120.579710144928,966.090277777778,83.3112691554206,403.358682418095,32,1.04236971360727,1,2,0,0.441953424616653
"169",169,"서울특별시","노원구","상계1동",1111065,1135063000,12.5985748218527,1.6056338028169,109.437400950872,871.939597315436,82.8658303212642,373.570233063674,30,0.948136336992559,1,2,0,0.445121316834929
"170",170,"서울특별시","노원구","상계2동",1111066,1135064000,55.74688057041,16.6666666666667,116.105263157895,1474.48988764045,135.148843305163,415.036045858182,26,1.03977496748495,2,2,0,0.427078191081244
"171",171,"서울특별시","노원구","상계3.4동",1111076,1135066500,9.78350515463918,1.0625,70.0018214936248,795.312903225807,132.006361122826,424.79342633293,23,0.947124266951772,1,2,0,0.465103329405933
"172",172,"서울특별시","노원구","상계5동",1111069,1135067000,6.9261744966443,1.58,64.0830324909747,500.132258064516,75.8227432680764,330.021489297017,22,1.08467194285407,1,2,0,0.388862827042185
"173",173,"서울특별시","노원구","상계6.7동",1111077,1135069500,11.4918566775244,4.46564885496183,278.596790371113,911.874715261959,82.8161775132337,361.114616848018,32,1.06729944940554,0,2,0,0.476879185658042
"174",174,"서울특별시","노원구","상계8동",1111072,1135070000,1.99264705882353,1.63636363636364,74.8479338842975,290.908212560386,115.88455314991,327.643508317479,16,1.00073279764248,1,2,0,0.379149049704346
"175",175,"서울특별시","노원구","상계9동",1111073,1135071000,1.74747474747475,1.46938775510204,76.7315689981096,276.16864608076,72.1317273578193,332.751462923256,21,1.00184765058248,0,2,0,0.393126541016897
"176",176,"서울특별시","노원구","상계10동",1111074,1135072000,2.73737373737374,9.5688622754491,4.0679012345679,200.784246575342,65.3354912477517,357.379456479667,24,1.05364507011067,0,2,0,0.369436948617839
"177",177,"서울특별시","은평구","녹번동",1112051,1138051000,11.3783783783784,1.7037037037037,78.1430678466077,882.049751243781,155.362730540177,472.542049180374,28,1.08396859189001,2,2,0,0.503284148716574
"178",178,"서울특별시","은평구","불광1동",1112052,1138052000,3.532,3.88617886178862,103.393846153846,528.029850746269,133.339041562761,469.346007424581,34,1.0192652045773,1,2,0,0.502888249912182
"179",179,"서울특별시","은평구","불광2동",1112072,1138053000,6.94984326018809,13.9466192170819,126.396907216495,639.134482758621,126.31092418599,412.743035477086,25,1.008520387534,2,2,0,0.415819502216918
"180",180,"서울특별시","은평구","갈현1동",1112055,1138055100,41.7841945288754,1.80597014925373,106.164674634794,821.31935483871,107.725857845968,350.569290490239,43,1.02724547890679,0,2,0,0.446407926871343
"181",181,"서울특별시","은평구","갈현2동",1112056,1138055200,24.6114649681529,2.23008849557522,96.851226993865,850.017412935323,104.042462831026,435.216954700316,32,0.99830656699647,0,2,0,0.494414515005333
"182",182,"서울특별시","은평구","구산동",1112057,1138056000,2.12429378531073,2.56862745098039,57.4789687924016,507.47263681592,103.54729076827,449.699392061423,31,1.0342003534847,1,2,0,0.476441887766336
"183",183,"서울특별시","은평구","대조동",1112058,1138057000,16.0523012552301,5.2992125984252,212.439655172414,1403.19594594595,135.522509911402,529.400392988921,28,1.05258231218191,2,2,0,0.593085663606565
"184",184,"서울특별시","은평구","응암1동",1112059,1138058000,5.55409836065574,6.56766917293233,200.042397660819,1072.63097949886,96.4508268835588,508.945546425109,22,1.08498937257968,0,2,0,0.561258311042538
"185",185,"서울특별시","은평구","응암2동",1112060,1138059000,2.61926605504587,1.86440677966102,34.3528183716075,155.843065693431,129.978394747125,558.726039236163,32,1.01796336775719,0,2,0,0.561783679351406
"186",186,"서울특별시","은평구","응암3동",1112073,1138060000,18.8496732026144,1.77272727272727,125.02798053528,1052.81343283582,81.3863936671079,405.341810482906,25,1.03577271588922,0,2,0,0.47758356232595
"187",187,"서울특별시","은평구","역촌동",1112074,1138062500,15.0155279503106,4.09174311926605,99.6898734177215,1092.01366742597,80.972115971217,444.540221614335,48,1.05238304743987,0,2,0,0.522165082241797
"188",188,"서울특별시","은평구","신사1동",1112065,1138063100,17.7269938650307,1.64788732394366,80.5465648854962,637.9025,91.6965772414882,413.389835826868,21,1.01138260221202,1,2,0,0.450727673213573
"189",189,"서울특별시","은평구","신사2동",1112066,1138063200,1.66019417475728,1.27272727272727,46.83203125,466.241935483871,89.2806062558853,408.425558950333,31,0.99742856847208,1,2,0,0.446975171010416
"190",190,"서울특별시","은평구","증산동",1112067,1138064000,6.60956175298805,4.92622950819672,76.5664206642066,557.012903225806,134.958502533908,371.966668623359,13,1.07395533129994,2,2,0,0.394290621192065
"191",191,"서울특별시","은평구","수색동",1112068,1138065000,2.38095238095238,2.58241758241758,28.3340163934426,191.797142857143,102.035736571824,378.384443414783,18,1.45226526050186,0,2,0,0.403505150275202
"192",192,"서울특별시","은평구","진관동",1112071,1138069000,11.0708446866485,19.012987012987,192.522033898305,1055.74789915966,112.719896369364,466.176704298136,68,0.988900273965136,1,2,0,0.520175790609251
"193",193,"서울특별시","서대문구","천연동",1113052,1141052000,4.82304526748971,1.4622641509434,74.5822784810127,765.145161290323,245.013609524588,616.889198603867,36,1.22145240925743,1,3,0,0.808827468787356
"194",194,"서울특별시","서대문구","북아현동",1113074,1141055500,4.80708661417323,1.66666666666667,92.1547169811321,621.511551155116,239.582692726355,659.42846904254,15,1.78945783065987,0,3,0,0.833838995545357
"195",195,"서울특별시","서대문구","충현동",1113073,1141056500,8.26171875,2.82795698924731,57.6047904191617,713.058064516129,157.348219496126,418.407313567594,44,1.75451289981866,3,2,0,0.459161518944688
"196",196,"서울특별시","서대문구","신촌동",1113075,1141058500,69.7192374350087,25.7753623188406,905.1330472103,2215.9947826087,162.409332979272,700.601349729078,49,1.29444181439583,1,2,0,1.07288363367381
"197",197,"서울특별시","서대문구","연희동",1113076,1141061500,2.43181818181818,7.47133757961783,91.0145502645503,1938.91612903226,154.00202938966,508.503292846848,56,1.10247565921322,0,2,0,0.600093859682239
"198",198,"서울특별시","서대문구","홍제1동",1113062,1141062000,4.16194331983806,4.66363636363636,148.006932409012,515.970387243736,92.5849353794471,360.973018814235,21,1.05106799587645,0,2,0,0.422237936498715
"199",199,"서울특별시","서대문구","홍제3동",1113064,1141064000,11.2676056338028,1.5,130.068836045056,798.187096774193,85.4806186266868,323.672430738788,44,1.05741633437782,1,2,0,0.428484201178967
"200",200,"서울특별시","서대문구","홍제2동",1113065,1141065500,4.28174603174603,1.54166666666667,26.9653846153846,288.452631578947,95.5368738596275,364.241929823116,9,1.11009185192891,1,2,0,0.385471189298416
"201",201,"서울특별시","서대문구","홍은1동",1113066,1141066000,2.52657004830918,1,44.6189624329159,665.835483870968,106.710099412653,397.910623806171,29,0.983359539609658,0,2,0,0.449196556085598
"202",202,"서울특별시","서대문구","홍은2동",1113068,1141068500,10.9511278195489,1.64285714285714,60.2988165680473,484.182232346241,98.5138539513937,365.394901284141,67,1.03142825190035,0,2,0,0.46462575420871
"203",203,"서울특별시","서대문구","남가좌1동",1113069,1141069000,3.36437246963563,9.5140562248996,107.159817351598,269.698630136986,257.860167828537,703.118857895146,15,1.10684853582975,0,3,0,0.829024095208963
"204",204,"서울특별시","서대문구","남가좌2동",1113070,1141070000,16.6975945017182,34.3419913419913,111.805607476636,790.256880733945,95.0923067002901,479.860634738462,26,1.02562788420115,0,2,0,0.405140048261877
"205",205,"서울특별시","서대문구","북가좌1동",1113071,1141071000,1.79120879120879,3.16568047337278,62.7722419928826,490.11,184.347164126408,496.344391286893,15,1.11236618422115,0,2,0,0.499284636822136
"206",206,"서울특별시","서대문구","북가좌2동",1113072,1141072000,23.4775641025641,2.17105263157895,110.835793357934,772.715261958998,103.712311931903,451.529819530186,30,1.02355717367251,0,2,0,0.50683192609584
"207",207,"서울특별시","마포구","아현동",1114078,1144055500,6.08791208791209,5.25352112676056,214.162748643761,923.0569476082,313.296344651443,889.92261763944,23,1.34243235701482,3,3,1,1.24495359849175
"208",208,"서울특별시","마포구","공덕동",1114077,1144056500,13.0654205607477,3.25257731958763,144.269162210339,909.927107061503,271.071193803879,682.863704678139,33,1.20561740402256,1,3,1,0.920894792934026
"209",209,"서울특별시","마포구","도화동",1114075,1144058500,20.221843003413,3.59929078014184,206.717504332756,598.850253807107,181.808238646794,563.831932175912,36,1.31786697713155,0,2,1,0.634621224029047
"210",210,"서울특별시","마포구","용강동",1114059,1144059000,16.3238095238095,5.96825396825397,79.7640791476408,749.676537585421,210.903602704544,697.411257677669,19,1.06641303648885,1,2,1,0.687440629584506
"211",211,"서울특별시","마포구","대흥동",1114060,1144060000,4.56224899598394,3.19417475728155,145.832831325301,937.0390625,230.500628357996,763.340461383173,29,1.24136077119652,2,3,1,1.02599369811253
"212",212,"서울특별시","마포구","염리동",1114061,1144061000,2.57142857142857,1.125,23.236170212766,312.384615384615,266.569690381862,735.957228455665,11,1.37655115104907,0,3,1,0.887776324921616
"213",213,"서울특별시","마포구","신수동",1114063,1144063000,2.52,1.32608695652174,77.0230414746544,484.863517060367,234.984740413681,680.882017690358,24,1.04148984859469,0,3,1,0.870745005937731
"214",214,"서울특별시","마포구","서강동",1114076,1144065500,4.046875,3.18,46.4710424710425,737.988317757009,204.025777702866,634.748338338974,59,1.0199813344993,2,2,1,0.678869917928492
"215",215,"서울특별시","마포구","서교동",1114066,1144066000,139.733564013841,31.612582781457,411.680291970803,2677.33047945205,215.978209542483,663.811084847007,77,1.04352875870113,3,3,1,0.981848940312626
"216",216,"서울특별시","마포구","합정동",1114068,1144068000,9.95121951219512,2.62037037037037,109.817351598174,1077.25806451613,198.740304150235,584.771142204098,27,1.09300023727292,1,2,1,0.622613450782347
"217",217,"서울특별시","마포구","망원1동",1114069,1144069000,16.5427728613569,5.7029702970297,148.895204262877,884.154838709677,164.850922880585,465.522474940613,30,0.984721697177611,0,2,1,0.517398373466792
"218",218,"서울특별시","마포구","망원2동",1114070,1144070000,8.58787878787879,10.22,53.630472854641,563.69587628866,138.366651896767,487.60235320317,25,0.93948823896695,0,2,1,0.476163455841827
"219",219,"서울특별시","마포구","연남동",1114071,1144071000,4.27350427350427,1.74242424242424,25.5928270042194,705.6125,148.481217986368,546.465805923745,20,0.977693511670876,0,2,1,0.550032022960802
"220",220,"서울특별시","마포구","성산1동",1114072,1144072000,5.0957095709571,7.11764705882353,29.0540540540541,693.458064516129,116.369627171838,538.807884518366,26,1.03965449407438,0,2,1,0.528439145671594
"221",221,"서울특별시","마포구","성산2동",1114073,1144073000,25.5564304461942,2.68571428571429,92.4814814814815,1327.67139479905,132.71288936851,584.130926517715,39,1.08880151554974,2,2,1,0.634448065678508
"222",222,"서울특별시","마포구","상암동",1114074,1144074000,13.0245098039216,12.1021897810219,172.379509379509,1496.61958997722,142.735556458624,624.046941617914,82,1.18501589164435,0,2,1,0.755187624091248
"223",223,"서울특별시","양천구","목1동",1115051,1147051000,35.1134020618557,7.35159817351598,194.305010893246,1680.04258943782,378.172468699658,762.142655649335,21,1.08001974255831,2,3,0,1.03997677125233
"224",224,"서울특별시","양천구","목2동",1115052,1147052000,5.66355140186916,2.35164835164835,69.6193103448276,759.245161290323,131.996195320103,561.590826145388,15,1.06806238679985,0,2,0,0.568924188808605
"225",225,"서울특별시","양천구","목3동",1115053,1147053000,10.9120521172638,1.76146788990826,141.153225806452,698.119402985075,134.49682344867,598.015529556717,7,1.05276069547945,0,2,0,0.615370414830301
"226",226,"서울특별시","양천구","목4동",1115054,1147054000,4.55234657039711,2.29213483146067,85.9128856624319,742.293548387097,107.904625340335,463.113233923326,9,1.06716695555679,0,2,0,0.482573440945311
"227",227,"서울특별시","양천구","목5동",1115071,1147055000,4.95138888888889,12.7132352941176,198.682228915663,716.071748878924,327.897826156395,710.199399158743,32,1.05376473706607,0,3,0,0.917999617674693
"228",228,"서울특별시","양천구","신월1동",1115057,1147056000,10.9339933993399,1.73170731707317,93.4955277280859,796.603225806452,67.6749970493857,485.234274600579,9,1.02236758785941,0,2,0,0.505931620799724
"229",229,"서울특별시","양천구","신월2동",1115058,1147057000,3.93617021276596,1,49.3752310536044,728.312903225807,106.199497262662,417.344218267258,10,1.04468638761698,0,2,0,0.445048990015583
"230",230,"서울특별시","양천구","신월3동",1115059,1147058000,4.15637860082305,4.66363636363636,50.6361829025845,508.903225806452,63.642573999632,396.929889533519,10,1.06293077461027,0,2,0,0.413098456877088
"231",231,"서울특별시","양천구","신월4동",1115060,1147059000,8.63701067615658,1.675,56.4477379095164,435.815068493151,168.31180233519,462.41885762807,9,1.14285253307502,0,2,0,0.468507301203726
"232",232,"서울특별시","양천구","신월5동",1115061,1147060000,5.78260869565217,1.94117647058824,47.1803278688525,420.330296127563,92.28748952215,499.743502248067,12,1.09408154397425,0,2,0,0.497117122466665
"233",233,"서울특별시","양천구","신월6동",1115062,1147061000,11.222641509434,2.24390243902439,47.1840277777778,301.821052631579,119.069074451425,486.081239763043,12,1.14503570722449,0,2,0,0.481832817918077
"234",234,"서울특별시","양천구","신월7동",1115063,1147061100,9.43771043771044,1.07142857142857,79.5725338491296,703.116129032258,53.8417373460591,254.742596495767,18,1.00091762717851,0,2,0,0.354562149587975
"235",235,"서울특별시","양천구","신정1동",1115064,1147062000,5.28571428571429,18.8324607329843,75.0740740740741,551.058441558442,342.317351627206,686.19715935935,25,1.1846903474869,0,3,0,0.765860807691549
"236",236,"서울특별시","양천구","신정2동",1115065,1147063000,5.82824427480916,6.70186335403727,68.6948529411765,524.330845771144,210.231661918289,674.549385503742,11,1.04928840026798,0,2,0,0.642877314411617
"237",237,"서울특별시","양천구","신정3동",1115066,1147064000,13.9171974522293,2.81132075471698,144.051315789474,675.863534675615,134.052455815876,388.402125797321,60,1.09704107745232,1,2,0,0.489440616564485
"238",238,"서울특별시","양천구","신정4동",1115072,1147065000,24.7151162790698,3.70940170940171,149.350935093509,954.578587699317,125.115522899375,514.352764033902,13,1.13330438273236,1,2,0,0.540109861615628
"239",239,"서울특별시","양천구","신정6동",1115069,1147067000,23.1521739130435,1.76056338028169,18.4719298245614,288.874125874126,263.971343660925,632.045143317769,24,1.13604969870655,0,3,0,0.768701039685229
"240",240,"서울특별시","양천구","신정7동",1115070,1147068000,7.60153256704981,1.76623376623377,89.1301115241636,564.774487471526,156.46133517764,500.074443499812,24,1.09787803626935,1,2,0,0.521570534535174
"241",241,"서울특별시","강서구","염창동",1116051,1150051000,9.56013745704467,9.59344262295082,113.060171919771,790.409090909091,320.654560869177,600.203127260802,30,1.10902686264078,0,3,0,0.753223121512043
"242",242,"서울특별시","강서구","등촌1동",1116052,1150052000,16.0047961630695,3.94827586206897,111.467958271237,1042.20149253731,181.513564873249,620.573619477613,14,1.2094327173367,0,2,0,0.640214330774886
"243",243,"서울특별시","강서구","등촌2동",1116053,1150053000,4.09266409266409,3.03636363636364,35.4573643410853,299.850649350649,184.280779320739,591.800331686055,7,1.10940924832316,0,2,0,0.556823130882966
"244",244,"서울특별시","강서구","등촌3동",1116054,1150053500,17.3932584269663,23.2088353413655,100.630665380906,1569.84210526316,144.536464578375,568.140294568093,48,1.1765856122476,0,2,0,0.560781176388077
"245",245,"서울특별시","강서구","화곡1동",1116073,1150054000,25.9421641791045,8.44202898550725,162.744864864865,1714.30979498861,127.843371093592,535.728813655329,26,1.08216233855023,1,2,0,0.584400655552873
"246",246,"서울특별시","강서구","화곡2동",1116057,1150055000,1.97536945812808,1.16129032258065,36.8670756646217,433.387096774194,83.162237891063,414.279203042036,30,1.00790731433025,0,2,0,0.453650182073471
"247",247,"서울특별시","강서구","화곡3동",1116058,1150056000,22.134375,5.08130081300813,57.324358974359,420.148741418764,86.7122301572899,416.763670804726,9,1.11777074753079,0,2,0,0.423331920200987
"248",248,"서울특별시","강서구","화곡4동",1116059,1150057000,21.1744966442953,1.95238095238095,87.380655226209,824.493548387097,88.0040815536295,415.300617593456,30,1.01435511825386,0,2,0,0.474465342996528
"249",249,"서울특별시","강서구","화곡본동",1116055,1150059000,11.5980392156863,1.7,77.4866180048662,926.475124378109,155.168871978987,498.636084310065,25,1.05295288368739,0,2,0,0.537192444773331
"250",250,"서울특별시","강서구","화곡6동",1116061,1150059100,28.7301587301587,6.28855721393035,102.11875,757.013452914798,111.102613206758,507.846128462354,29,1.09724165882319,0,2,0,0.532269559427522
"251",251,"서울특별시","강서구","화곡8동",1116063,1150059300,4.32677165354331,1.28205128205128,117.738738738739,910.087096774194,97.0954845069786,369.888051129478,26,1.08897717712053,2,2,0,0.436017500629442
"252",252,"서울특별시","강서구","가양1동",1116064,1150060300,30.1681034482759,12.687134502924,156.834720570749,1721.48351648352,114.722230207727,631.774508591076,57,1.25475647545993,1,2,0,0.708879131701493
"253",253,"서울특별시","강서구","가양2동",1116065,1150060400,6.88333333333333,9.82407407407407,85.2083981337481,475.434895833333,107.674583466704,456.708467050279,12,1.0688902298082,0,2,0,0.445546625356298
"254",254,"서울특별시","강서구","가양3동",1116066,1150060500,1,1.52542372881356,36.1135265700483,590.728929384966,152.20748194037,537.167388809921,13,1.17206934243249,0,2,0,0.533063978052774
"255",255,"서울특별시","강서구","발산1동",1116067,1150061100,5.0580204778157,8.73094170403587,269.575358851675,1012.33485193622,143.716282588695,528.693066483743,65,1.21343363165343,0,2,0,0.65437566797483
"256",256,"서울특별시","강서구","우장산동",1116074,1150061500,11.734219269103,2.95652173913043,134.915966386555,701.89552238806,283.103174562832,618.985441753003,27,1.12389091724253,1,3,0,0.80709103395306
"257",257,"서울특별시","강서구","공항동",1116069,1150062000,11.072131147541,1.61016949152542,83.0164670658683,1531.76129032258,128.98898662989,572.466706222,59,1.19013292748731,3,2,0,0.654799782747424
"258",258,"서울특별시","강서구","방화1동",1116070,1150063000,11.6069182389937,5.51764705882353,152.633783783784,558.817767653759,167.108705356586,559.353427204304,42,1.11272934869868,0,2,0,0.610135478988434
"259",259,"서울특별시","강서구","방화2동",1116071,1150064000,20.1836734693878,1.6046511627907,77.2248427672956,1107.68782161235,119.088949024133,485.082716682809,34,1.01993532746228,1,2,0,0.535690384319127
"260",260,"서울특별시","강서구","방화3동",1116072,1150064100,4.45692883895131,1.86111111111111,40.27,397.6230248307,87.9221155727515,453.739282103288,17,1.08457357959758,1,2,0,0.45881621603734
"261",261,"서울특별시","구로구","신도림동",1117051,1153051000,19.7464114832536,2.77631578947368,175.764388489209,1127.57118055556,329.312577404825,604.377757356998,39,1.24877946060015,2,3,1,0.839779769840861
"262",262,"서울특별시","구로구","구로1동",1117052,1153052000,2.73880597014925,1.41860465116279,59.3568548387097,468.93691588785,110.595088899696,410.187318829893,20,1.24083102604175,0,2,1,0.44507029715132
"263",263,"서울특별시","구로구","구로2동",1117071,1153053000,17.1734693877551,1.37777777777778,305.579295154185,1251.38902743142,67.5153884828852,329.616605566658,34,1.3202707325125,0,2,1,0.483335423178248
"264",264,"서울특별시","구로구","구로3동",1117054,1153054000,56.6796536796537,21.7366548042705,232.60824742268,2122.19134396355,134.12226144931,488.918572246678,38,1.99595011284864,2,2,1,0.525173957274011
"265",265,"서울특별시","구로구","구로4동",1117055,1153055000,12.8171745152355,23.8333333333333,195.970840480274,1013.4064516129,146.237236945917,465.328067659969,19,1.35201487662842,1,2,1,0.442664190370851
"266",266,"서울특별시","구로구","구로5동",1117056,1153056000,23.8556910569106,17.3569131832797,139.155446756426,1239.55125284738,140.859565246853,545.867800791953,31,1.24848225428208,0,2,1,0.545091337910953
"267",267,"서울특별시","구로구","가리봉동",1117070,1153059500,9.1953125,1.5,22.5955223880597,377.474193548387,95.6397765426936,524.208339560947,8,1.3806918222285,0,2,1,0.505838953630885
"268",268,"서울특별시","구로구","고척1동",1117061,1153072000,24.75,5.90853658536585,74.9506966773848,481.440639269406,55.6705408305123,356.099357095937,31,1.09170233403483,0,2,1,0.407897403255084
"269",269,"서울특별시","구로구","고척2동",1117062,1153073000,7.94718309859155,1.91304347826087,144.989361702128,1077.31612903226,81.9711161163828,360.185276006026,38,1.05764169989958,0,2,1,0.463643464516766
"270",270,"서울특별시","구로구","개봉1동",1117072,1153074000,11.1099656357388,1.59259259259259,79.1754385964912,1220.48009950249,106.885162665333,405.540219957292,46,1.15061090049496,0,2,1,0.496283188461223
"271",271,"서울특별시","구로구","개봉2동",1117064,1153075000,13.1476683937824,2.33333333333333,128.687595712098,512.116331096197,116.561363985263,442.247063333277,22,1.1803230389304,0,2,1,0.486318296516088
"272",272,"서울특별시","구로구","개봉3동",1117065,1153076000,4.548,1.38297872340426,83.5320388349515,416.737967914439,73.2914125034549,482.529401604821,20,1.02860379127079,0,2,1,0.5050398159971
"273",273,"서울특별시","구로구","오류1동",1117067,1153077000,19.4579124579125,1.93684210526316,95.8514724711908,946.496774193548,135.93654454132,457.451407896648,14,1.0262846980225,0,2,1,0.493886117332195
"274",274,"서울특별시","구로구","오류2동",1117073,1153078000,4.69565217391304,2.13888888888889,111.610698365527,1061.03189066059,103.928470339193,356.356044946152,67,1.1334516269423,1,2,1,0.477834245125775
"275",275,"서울특별시","구로구","항동",1117074,1153080000,-15.7878482989948,1.1,30.4066985645933,256.25641025641,63.27914347,316.969192630769,29,0.991775875236755,0,2,1,0.382005260740146
"276",276,"서울특별시","구로구","수궁동",1117069,1153079000,4.65555555555556,2.5,58.8015564202335,822.803225806452,80.2096437104127,379.469941125912,46,1.28380396415041,1,2,1,0.450269119723914
"277",277,"서울특별시","금천구","가산동",1118051,1154551000,41.8847006651885,4.54109589041096,226.345578231293,3285.28082191781,126.44117378118,705.187473294898,105,1.71605121580957,1,2,0,1.08895592286525
"278",278,"서울특별시","금천구","독산1동",1118052,1154561000,18.1160337552743,7.43396226415094,186.808720112518,1766.60043668122,162.231005251499,553.359058397557,69,1.18585126955573,0,2,0,0.694196210263951
"279",279,"서울특별시","금천구","독산2동",1118053,1154562000,7.09929078014184,1.29032258064516,70.7106227106227,768.616129032258,77.0790093803761,380.223850073239,8,1.12333412996202,0,2,0,0.422030711057415
"280",280,"서울특별시","금천구","독산3동",1118054,1154563000,11.0731707317073,5.00420168067227,63.5281173594132,926.712903225806,109.974094154761,479.045747460089,21,1.15206552977094,0,2,0,0.498093453032928
"281",281,"서울특별시","금천구","독산4동",1118055,1154564000,18.244966442953,1.93055555555556,19.5886178861789,468.690322580645,101.771200672465,450.009974700682,14,1.14469921166418,0,2,0,0.455754869773675
"282",282,"서울특별시","금천구","시흥1동",1118057,1154567000,29.5368731563422,4.75193798449612,166.035031847134,1323.1368159204,102.452948472579,444.292511974107,47,1.1622459011615,0,2,0,0.543852837169074
"283",283,"서울특별시","금천구","시흥2동",1118058,1154568000,1.74193548387097,1.65,24.243961352657,337.791095890411,74.2785882800109,357.453970130061,19,0.981170636819529,0,2,0,0.396561319648749
"284",284,"서울특별시","금천구","시흥3동",1118059,1154569000,2.85294117647059,1.28571428571429,22.410835214447,1398.13769751693,76.9800171087739,315.00791088953,17,1.11923073385802,0,2,0,0.392639960494763
"285",285,"서울특별시","금천구","시흥4동",1118060,1154570000,3.17582417582418,2.13636363636364,63.9019230769231,569.583870967742,58.41115573692,394.17338540004,24,1.02585155696815,0,2,0,0.439110630615033
"286",286,"서울특별시","금천구","시흥5동",1118061,1154571000,6.86231884057971,3.52884615384615,97.8967213114754,773.393548387097,67.3961942321554,366.60986062625,35,1.01741052424012,0,2,0,0.439734403104892
"287",287,"서울특별시","영등포구","영등포본동",1119073,1156051500,17.1981132075472,1.40540540540541,60.265671641791,799.213358070501,191.8896409102,564.609234849921,18,1.18281471934532,0,2,0,0.578783288361507
"288",288,"서울특별시","영등포구","영등포동",1119074,1156053500,72.285393258427,10.7411764705882,282.35775862069,1810.37520661157,209.236208691265,798.258152178464,39,1.11727636409148,2,3,0,1.18363447279579
"289",289,"서울특별시","영등포구","여의동",1119054,1156054000,42.3016241299304,15.4796163069544,388.843159065628,2788.33940774487,172.88613825098,545.083498430072,49,1.82523075724074,2,2,0,0.701980716393618
"290",290,"서울특별시","영등포구","당산1동",1119055,1156055000,12.3550295857988,13.2474747474747,71.405737704918,950.39603960396,123.006630696873,629.493899242401,20,1.31470666727748,2,2,0,0.578341242925682
"291",291,"서울특별시","영등포구","당산2동",1119056,1156056000,16.9969879518072,5.125,223.793345008757,1190.98009950249,207.66097810409,735.215511531408,40,1.23390825695368,1,2,0,0.858128817401222
"292",292,"서울특별시","영등포구","도림동",1119075,1156058500,7.10112359550562,1.65454545454545,60.7944664031621,608.664179104478,148.950772535175,504.441597010502,24,1.14575375995265,0,2,0,0.526532285938769
"293",293,"서울특별시","영등포구","문래동",1119076,1156060500,10.6472392638037,13.7086330935252,147.042748091603,1485.71534653465,342.705149642154,556.36670702474,42,1.22997316040462,1,3,0,0.730793824102111
"294",294,"서울특별시","영등포구","양평1동",1119061,1156061000,5.34630350194552,1.53333333333333,60.8292307692308,818.669230769231,158.112412613126,614.389401095714,22,1.15475899519675,1,2,0,0.624439151982421
"295",295,"서울특별시","영등포구","양평2동",1119062,1156062000,5.60377358490566,1.57142857142857,41.0177111716621,1184.56129032258,116.757832337008,650.616153939029,30,1.09126889812505,0,2,0,0.691624083079471
"296",296,"서울특별시","영등포구","신길1동",1119063,1156063000,13.5743944636678,1.4,156.046296296296,687.181592039801,114.589107259277,552.111727613778,25,1.21524685461088,0,2,0,0.603644320543042
"297",297,"서울특별시","영등포구","신길3동",1119065,1156065000,5.4965034965035,3.71,81.656779661017,395.28855721393,123.452919464479,430.312708711377,24,1.05354283427518,0,2,0,0.45919549794351
"298",298,"서울특별시","영등포구","신길4동",1119066,1156066000,1.95238095238095,1,9.86160714285714,121.159663865546,159.085564669214,523.195738167572,12,1.11930724606947,0,2,0,0.501126247576973
"299",299,"서울특별시","영등포구","신길5동",1119067,1156067000,5.76895306859206,1.55555555555556,15.3914373088685,238.136815920398,112.961889845229,547.85648469994,20,1.06882892589437,0,2,0,0.5344803004114
"300",300,"서울특별시","영등포구","신길6동",1119068,1156068000,13.184126984127,2.33962264150943,103.242857142857,658.504975124378,96.5479928736578,388.925227651049,25,1.14157219296857,1,2,0,0.441042354695612
"301",301,"서울특별시","영등포구","신길7동",1119069,1156069000,2.77625570776256,18.8461538461538,27.2530487804878,315.108196721311,142.262648242584,596.449429691913,30,1.25899228070192,0,2,0,0.520249461155192
"302",302,"서울특별시","영등포구","대림1동",1119070,1156070000,2.67251461988304,1.28571428571429,223.598507462687,377.411530815109,67.5208736546726,364.570905588944,17,1.08653643652961,0,2,0,0.446523749400891
"303",303,"서울특별시","영등포구","대림2동",1119071,1156071000,13.8014705882353,1.93684210526316,96.84375,833.059701492537,68.9869333864251,304.8913446191,13,1.34303292803373,0,2,0,0.383319130052294
"304",304,"서울특별시","영등포구","대림3동",1119072,1156072000,14.3333333333333,1.22727272727273,79.8028350515464,1203.10322580645,101.73104406715,392.073905622226,40,1.24276356243631,1,2,0,0.472899970832814
"305",305,"서울특별시","동작구","노량진1동",1120072,1159051000,59.1826923076923,9.85826771653543,122.909426987061,1901.48064516129,91.4807126381472,454.767081615481,48,1.14748344291006,0,2,0,0.537393914059194
"306",306,"서울특별시","동작구","노량진2동",1120052,1159052000,4.95217391304348,26.375,97.4134790528233,936.758064516129,66.7185658799906,216.65022051855,12,1.16495409049123,0,2,0,0.273862626665881
"307",307,"서울특별시","동작구","상도1동",1120053,1159053000,31.5472312703583,4.58620689655172,146.959124087591,1417.85649202733,148.07095540779,594.613709760179,45,1.0845492075965,2,2,0,0.667341319065083
"308",308,"서울특별시","동작구","상도2동",1120054,1159054000,8.17006802721088,5.46511627906977,121.515576323988,679.751121076233,186.264644058673,597.421930024747,34,1.11036939228345,1,2,0,0.621214016451477
"309",309,"서울특별시","동작구","상도3동",1120055,1159055000,5.71014492753623,10.4424242424242,67.5121163166397,580.2,104.438375238617,496.47980366178,33,1.05009949612032,0,2,0,0.495834473566581
"310",310,"서울특별시","동작구","상도4동",1120056,1159056000,3.71508379888268,1.30434782608696,79.4088669950739,596.196517412935,105.972947606261,508.195758202817,32,1.04173233200815,0,2,0,0.54679950921451
"311",311,"서울특별시","동작구","흑석동",1120071,1159060500,16.6885813148789,1.9,213.102496714849,811.474272930649,257.787706941116,657.409760164795,46,1.06853740037507,0,3,0,0.965654622768416
"312",312,"서울특별시","동작구","사당1동",1120063,1159062000,25.5124153498871,2.69135802469136,111.459310344828,836.16894977169,127.843295872559,440.025207724549,12,1.09491185750967,2,2,0,0.462603848790458
"313",313,"서울특별시","동작구","사당2동",1120073,1159063000,44.8773006134969,2.38461538461538,138.901538461538,642.134020618557,191.703342832001,630.655088687488,28,1.09411038691763,2,2,0,0.657378699254913
"314",314,"서울특별시","동작구","사당3동",1120065,1159064000,1.76470588235294,1.75862068965517,40.2127659574468,380.701492537313,162.516523216669,557.240867596719,22,1.01987445728982,0,2,0,0.556215999386818
"315",315,"서울특별시","동작구","사당4동",1120066,1159065000,2.8477366255144,1.13333333333333,67.6774193548387,445.283870967742,146.704392728435,512.426747132611,3,1.05228626422805,1,2,0,0.498636447486047
"316",316,"서울특별시","동작구","사당5동",1120067,1159065100,4.81297709923664,1.4375,36.9111111111111,224.594059405941,172.578029162701,619.234060439041,29,1.06242292613756,0,2,0,0.619997975604739
"317",317,"서울특별시","동작구","대방동",1120068,1159066000,15.7547169811321,19.7347670250896,158.075928917609,985.015695067265,239.859232326138,622.461535290323,47,1.17634146675836,2,3,0,0.754793209337253
"318",318,"서울특별시","동작구","신대방1동",1120069,1159067000,3.36614173228346,2.31132075471698,73.9506578947368,726.527508090615,86.8707825427984,421.425611368889,13,1.19588992639187,1,2,0,0.446000327723759
"319",319,"서울특별시","동작구","신대방2동",1120070,1159068000,10.258358662614,7.19188191881919,228.230379746835,1067.78387096774,118.201561817917,412.616899838556,28,1.24624794223338,0,2,0,0.492747955869388
"320",320,"서울특별시","관악구","보라매동",1121052,1162052500,8.95637583892617,1.72727272727273,65.3112701252236,705.238202247191,173.753992445278,476.915090452722,24,1.13758728880969,0,2,0,0.507508608407926
"321",321,"서울특별시","관악구","청림동",1121054,1162054500,1.78260869565217,3.76,32.627254509018,341.372881355932,202.254129284993,514.37647127527,6,1.01804453154582,0,2,0,0.488077036860169
"322",322,"서울특별시","관악구","성현동",1121079,1162056500,5.28125,2.48076923076923,43.0334572490706,362.501650165016,138.17947533215,535.152498938009,30,1.01996926223287,0,2,0,0.544531145570761
"323",323,"서울특별시","관악구","행운동",1121057,1162057500,13.2897435897436,4.92727272727273,117.111111111111,1393.36451612903,228.750383563093,560.81897185395,16,1.08952233441751,1,3,0,0.725870148584294
"324",324,"서울특별시","관악구","낙성대동",1121058,1162058500,19.2403846153846,31.0258064516129,97.4081346423562,906.268792710706,265.676191547585,586.132114787949,34,1.08978356291399,0,3,0,0.623839775012965
"325",325,"서울특별시","관악구","청룡동",1121080,1162059500,15.9267734553776,3.52892561983471,146.260233918129,1402.35123042506,226.317291554923,749.093387312452,13,1.0770466014557,0,3,0,1.01641861268674
"326",326,"서울특별시","관악구","은천동",1121078,1162060500,10.5083612040134,1.26923076923077,75.681338028169,814.215246636771,192.656039924137,565.590741622739,40,1.05542813332198,1,2,0,0.609432296675853
"327",327,"서울특별시","관악구","중앙동",1121061,1162061500,6.94525547445255,5.44094488188976,138.220461095101,722.151041666667,200.2353738864,678.386523277483,7,1.06634142969645,1,2,0,0.669822010112452
"328",328,"서울특별시","관악구","인헌동",1121062,1162062500,112.757383966245,2.23188405797101,135.176882661997,1138.76774193548,281.258187997269,499.357778621476,24,1.06420987257211,0,3,0,0.691879919691567
"329",329,"서울특별시","관악구","남현동",1121063,1162063000,15.8787878787879,6.86842105263158,67.1984126984127,695.914489311164,255.396217204301,718.205238393182,7,1.08638495403017,1,3,0,0.841558292853873
"330",330,"서울특별시","관악구","서원동",1121064,1162064500,40.2443438914027,1.48936170212766,89.6973094170404,1354.02903225806,138.574357671638,500.385237878254,22,1.0147275270848,0,2,0,0.552646266376783
"331",331,"서울특별시","관악구","신원동",1121065,1162065500,4.08108108108108,1.22222222222222,47.4685430463576,695.222580645161,164.9799218484,480.747576913953,10,1.05768406939212,0,2,0,0.490418478942527
"332",332,"서울특별시","관악구","서림동",1121066,1162066500,5.83829787234043,9.58208955223881,66.511811023622,1121.16129032258,252.906148006229,503.489889112228,24,1.04705844707661,0,3,0,0.631782466258735
"333",333,"서울특별시","관악구","신사동2",1121068,1162068500,15.464406779661,2.85567010309278,90.6506024096386,1230.50967741935,190.220928008964,831.99492996281,0,1.20416594256983,0,2,0,0.876113272705159
"334",334,"서울특별시","관악구","신림동",1121069,1162069500,27.042071197411,22.6516853932584,200.726698262243,1845.9,224.114876449451,720.26025765404,15,1.14551767407361,1,3,0,0.869566654201268
"335",335,"서울특별시","관악구","난향동",1121071,1162071500,2.58947368421053,2.12820512820513,36.8961303462322,157.583126550868,132.259948636111,475.936555762185,15,1.00933867673724,0,2,0,0.471431863512297
"336",336,"서울특별시","관악구","조원동",1121072,1162072500,14.8135593220339,1.98666666666667,113.794782608696,903.622580645161,207.615951730151,554.16393116764,21,1.27615473502919,0,2,0,0.590828922265071
"337",337,"서울특별시","관악구","대학동",1121073,1162073500,44.3311475409836,6.23308270676692,145.670473083197,2406.05120481928,120.094590021829,402.914200875556,52,1.17649453805949,0,2,0,0.535939286933632
"338",338,"서울특별시","관악구","삼성동",1121082,1162074500,1.59047619047619,1.35897435897436,41.6603773584906,431.867741935484,98.0993229850829,306.416218598957,31,1.01112372130057,0,2,0,0.382779303084062
"339",339,"서울특별시","관악구","미성동",1121083,1162076500,5.35740072202166,2.99029126213592,72.9709724238026,687.112107623318,200.104860793874,520.102382947249,38,1.08127040547307,0,2,0,0.558935183130465
"340",340,"서울특별시","관악구","난곡동",1121081,1162077500,7.47528517110266,1.78947368421053,74.8984509466437,786.474193548387,135.754519478386,579.16785992437,21,1.03198875179127,0,2,0,0.599240580412737
"341",341,"서울특별시","서초구","서초1동",1122051,1165051000,12.6611842105263,12.0566037735849,102.1380798274,989.48322147651,245.494030364925,868.949888255774,31,1.25664159517819,3,3,1,1.09811160142461
"342",342,"서울특별시","서초구","서초2동",1122052,1165052000,9.70253164556962,18.4329896907216,205.058359621451,975.627826086956,274.700517880189,858.851983238876,45,1.78583577526625,0,3,1,1.17000240803779
"343",343,"서울특별시","서초구","서초3동",1122053,1165053000,24.5819935691318,4.42948717948718,190.240673886883,1882.62444444444,239.136275801921,848.928462730134,69,1.51627758350892,1,3,1,1.41030632781467
"344",344,"서울특별시","서초구","서초4동",1122054,1165053100,34.0236686390533,10.6950354609929,321.998774509804,1045.42808219178,338.920575819606,942.659132882822,39,1.25683480984771,0,3,1,1.50140108229319
"345",345,"서울특별시","서초구","잠원동",1122055,1165054000,8.51202749140893,3.20869565217391,151.73745819398,927.990888382688,254.394923578819,782.500086930842,22,1.12662213220053,1,3,1,1.05758110819394
"346",346,"서울특별시","서초구","반포본동",1122056,1165055000,1.6551724137931,1,21.0991189427313,269.477419354839,132.695823964834,460.775641066867,4,1.12256650028771,0,2,1,0.451046988669302
"347",347,"서울특별시","서초구","반포1동",1122057,1165056000,6.06818181818182,4.31034482758621,160.609442060086,915.55125284738,418.627975097895,898.784861632479,22,1.18669587985076,1,3,1,1.26846184840374
"348",348,"서울특별시","서초구","반포2동",1122058,1165057000,1,1.24242424242424,53.1627906976744,238.503562945368,671.838042336736,1568.54742944393,19,1.04052214223676,0,3,1,3.48462337229419
"349",349,"서울특별시","서초구","반포3동",1122059,1165058000,4.33910034602076,7.25,125.840290381125,1213.52038369305,533.389511242217,1019.48088856084,13,0.959075025228136,0,3,1,1.48945644366528
"350",350,"서울특별시","서초구","반포4동",1122060,1165058100,15.080684596577,3.06542056074766,438.3425,2073.66840277778,277.811059829264,696.531380312583,32,1.11994363299732,2,3,1,1.16090504618946
"351",351,"서울특별시","서초구","방배본동",1122061,1165059000,4.51006711409396,2.77966101694915,70.1447028423773,543.779043280182,300.004836755753,798.579187702597,22,1.1560771846004,0,3,1,1.03415662700857
"352",352,"서울특별시","서초구","방배1동",1122062,1165060000,22.3877551020408,4.76666666666667,128.178260869565,671.923456790124,247.118593925504,785.139567930849,19,1.34999734677582,1,3,1,1.01289278120553
"353",353,"서울특별시","서초구","방배2동",1122063,1165061000,15.5454545454545,4.46311475409836,38.1322188449848,500.548693586698,228.14897683254,739.064260502799,32,1.14442836043153,1,3,1,0.918538127957733
"354",354,"서울특별시","서초구","방배3동",1122064,1165062000,2.05960264900662,3.91363636363636,76.0329153605016,534.209677419355,323.644003448377,703.589402374931,46,1.22905979602113,1,3,1,0.922334809240223
"355",355,"서울특별시","서초구","방배4동",1122065,1165062100,7.19217081850534,23.6862745098039,121.478421701603,788.932258064516,253.873298121461,815.612853919305,25,1.23819792017261,0,3,1,0.942004480142681
"356",356,"서울특별시","서초구","양재1동",1122066,1165065100,20.4426751592357,4.61818181818182,164.802649006623,1272.430523918,194.205798310868,658.605401007051,71,1.37074922085538,1,2,1,0.800315703760746
"357",357,"서울특별시","서초구","양재2동",1122067,1165065200,19.2861445783133,8.31578947368421,109.63503649635,1613.09719222462,204.039367853,733.313784145329,51,1.20922580574968,0,2,1,0.837264596207105
"358",358,"서울특별시","서초구","내곡동",1122068,1165066000,2.88505747126437,1.63636363636364,29.5017064846416,290.405487804878,328.102782624787,873.69791849579,60,1.10315035722715,0,3,1,1.24651537752541
"359",359,"서울특별시","강남구","신사동1",1123051,1168051000,22.9950495049505,5.62173913043478,319.634730538922,1292.17857142857,196.653336726914,614.171917069915,0,1.17954611485026,0,2,1,0.685137389225441
"360",360,"서울특별시","강남구","논현1동",1123052,1168052100,450.573248407643,6.52118644067797,301.808877928483,2055.72437357631,126.22757020818,661.710482738175,18,1.45832457882094,2,1,1,1.36985104588806
"361",361,"서울특별시","강남구","논현2동",1123053,1168053100,35.8295964125561,10.8158844765343,222.99067357513,1587.03644646925,161.432527617148,685.63005249318,26,1.59008743654633,2,2,1,0.737136316401759
"362",362,"서울특별시","강남구","압구정동",1123077,1168054500,22.4453781512605,5.61325966850829,250.016094420601,1128.32530120482,277.709428272082,704.667708292705,20,1.14050368584919,0,3,1,0.985155088750343
"363",363,"서울특별시","강남구","청담동",1123078,1168056500,4.26488095238095,9.74315068493151,173.391211146838,1179.3801843318,294.491793314232,908.931396220623,22,1.14314360533199,0,3,1,1.27925577068874
"364",364,"서울특별시","강남구","삼성1동",1123058,1168058000,58.3126436781609,14.5438596491228,114.951960784314,2066.7539543058,255.760818768623,831.454314478922,29,1.33820534297913,3,3,1,1.08035107728215
"365",365,"서울특별시","강남구","삼성2동",1123059,1168059000,11.1269349845201,6.85606060606061,136.688243064729,1343.47380410023,281.9972172426,959.1640751955,22,1.78302073062974,4,3,1,1.32751592026424
"366",366,"서울특별시","강남구","대치1동",1123060,1168060000,10.8838951310861,2.91666666666667,158.731517509728,667.876712328767,775.073994607089,1271.62503682859,16,1.10284960571528,0,3,1,2.29790486433819
"367",367,"서울특별시","강남구","대치2동",1123079,1168061000,9.85664335664336,7.76646706586826,113.469248291572,1256.68109339408,345.930858776157,785.632432424906,30,1.35880441491351,2,3,1,1.02826782319139
"368",368,"서울특별시","강남구","대치4동",1123063,1168063000,34.2413793103448,6.14102564102564,132.980351602896,1263.09756097561,179.507691422352,700.002762810238,16,1.34651117441814,0,2,1,0.735632385535507
"369",369,"서울특별시","강남구","역삼1동",1123064,1168064000,72.3629191321499,46.1057142857143,587.891282051282,4913.47494553377,165.679519484242,794.007318163404,41,1.76955475330538,2,2,1,1.00693638572764
"370",370,"서울특별시","강남구","역삼2동",1123065,1168065000,13.7137546468401,13.1912751677852,215.422727272727,1505.34389140271,340.07547704086,977.637491179646,26,1.56970341970843,0,3,1,1.4619462040014
"371",371,"서울특별시","강남구","도곡1동",1123066,1168065500,4.28708133971292,4.88333333333333,301.907995618839,995.807817589577,303.535646519366,786.041519119814,23,1.42843250140379,1,3,1,1.14450150561532
"372",372,"서울특별시","강남구","도곡2동",1123067,1168065600,5.24621212121212,3.76470588235294,128.116487455197,740.080760095012,510.926860889939,1082.17200845971,22,1.28305774751164,1,3,1,1.66389799057761
"373",373,"서울특별시","강남구","개포1동",1123068,1168066000,1.33333333333333,1.32142857142857,6.03424657534247,60.8707865168539,352.76812283056,662.130502648276,17,1.15416976503658,0,3,1,0.780219551272339
"374",374,"서울특별시","강남구","개포2동",1123080,1168067000,6.33840304182509,1.71074380165289,52.835538752363,304.420427553444,417.432601308231,835.164882029032,31,1.09537344445478,0,3,1,1.10518684802898
"375",375,"서울특별시","강남구","개포4동",1123071,1168069000,7.15384615384615,1.734375,77.3959938366718,511.227906976744,126.824786989956,510.688501545698,32,1.29433531229207,0,2,1,0.54381778256476
"376",376,"서울특별시","강남구","세곡동",1123076,1168070000,5.4765625,2.0952380952381,79.8213762811127,668.853711790393,165.54553983975,628.667010242424,64,1.1315838500037,0,2,1,0.716274409915018
"377",377,"서울특별시","강남구","일원본동",1123072,1168072000,1.14634146341463,6.77551020408163,560.982229402262,651.389521640091,352.34762279364,810.077623903704,30,1.31234798153695,1,3,1,1.34238351696908
"378",378,"서울특별시","강남구","일원1동",1123073,1168073000,10.6585365853659,2.56862745098039,99.2841121495327,302.952164009112,139.604907469199,634.357259405028,15,1.12811443078894,0,2,1,0.631704020825094
"379",379,"서울특별시","강남구","일원2동",1123074,1168074000,-58.1391720753469,12.4710743801653,61.2894248608534,349.705463182898,290.650000215855,785.952234262816,10,1.07014764047051,1,3,1,0.88252464907027
"380",380,"서울특별시","강남구","수서동",1123075,1168075000,5.71590909090909,1.64615384615385,119.317589576547,811.558194774347,238.882591437948,728.135472275122,17,1.15868404033673,1,3,1,0.946485731570703
"381",381,"서울특별시","송파구","풍납1동",1124051,1171051000,3.63786008230453,1.22222222222222,39.2752293577982,309.051612903226,168.808630800167,479.228839286667,6,1.02600375333518,0,2,1,0.47169695904712
"382",382,"서울특별시","송파구","풍납2동",1124052,1171052000,2.4954128440367,8.38235294117647,851.883509833585,650.515734265734,256.204992895153,611.11924283805,22,1.22206309865134,0,3,1,1.11900954537354
"383",383,"서울특별시","송파구","거여1동",1124053,1171053100,5.38545454545455,2.24444444444444,23.6374045801527,409.27397260274,206.072026647166,522.602040228272,5,1.04321121781632,1,2,1,0.491967644033476
"384",384,"서울특별시","송파구","거여2동",1124054,1171053200,4.84191176470588,8.27868852459016,109.101361573374,405.324742268041,168.858299629364,543.65328611424,11,1.13382083189562,0,2,1,0.522054521412354
"385",385,"서울특별시","송파구","마천1동",1124055,1171054000,2.97457627118644,1.08333333333333,38.593023255814,326.870192307692,133.90262433917,363.944031657295,14,1.04969913297677,1,2,1,0.394820803197188
"386",386,"서울특별시","송파구","마천2동",1124056,1171055000,8.25342465753425,1.22222222222222,72.6775067750678,648.648387096774,184.918681129971,398.736294849164,10,1.0220448203481,0,2,1,0.434589445431693
"387",387,"서울특별시","송파구","방이1동",1124057,1171056100,7.87540983606557,2.60185185185185,85.1889081455806,424.672209026128,239.320764265873,613.023061151202,8,1.10109092669084,1,3,1,0.733224663777586
"388",388,"서울특별시","송파구","방이2동",1124058,1171056200,37.794952681388,17.4176829268293,116.957908163265,1208.99316628702,190.033309892987,684.997162566127,14,1.1004301490471,1,2,1,0.63540464357726
"389",389,"서울특별시","송파구","오륜동",1124059,1171056600,1.5,14.7833333333333,36.8548387096774,309.598574821853,436.718032122559,719.81655117732,25,1.11101308256131,3,3,1,0.773400402825992
"390",390,"서울특별시","송파구","오금동",1124060,1171057000,7.31410256410256,8.38150289017341,60.9902370990237,786.876993166287,190.080209697936,569.555927780459,35,1.11811193017326,2,2,1,0.558481088887051
"391",391,"서울특별시","송파구","송파1동",1124061,1171058000,13.5028248587571,3.47272727272727,94.4947643979058,764.703619909502,187.041487388996,656.307123370642,11,1.11462937369462,0,2,1,0.658900554739938
"392",392,"서울특별시","송파구","송파2동",1124062,1171059000,1.08333333333333,1.45901639344262,72.9030418250951,379.435079726652,252.190099510426,706.958563586658,9,1.18824257155745,0,3,1,0.866996686856404
"393",393,"서울특별시","송파구","석촌동",1124063,1171060000,16.9024390243902,8.51660516605166,200.574825174825,1373.86104783599,216.797791330386,640.047933115329,18,1.09237328902089,2,3,1,0.828638168254771
"394",394,"서울특별시","송파구","삼전동",1124064,1171061000,9.92651757188498,4.19327731092437,104.35773480663,1125.89567430025,201.865549942475,590.463099127885,12,1.08306862844886,1,2,1,0.597860522969499
"395",395,"서울특별시","송파구","가락본동",1124065,1171062000,29.776357827476,5.80128205128205,156.815662650602,897.434004474273,209.512886535912,665.661561998239,25,1.30278376099928,1,2,1,0.697788096723341
"396",396,"서울특별시","송파구","가락1동",1124066,1171063100,1.64,1.68,73.0085348506401,772.508235294118,396.062581318278,1108.38600309639,10,1.18628572696319,3,3,1,1.62031416735807
"397",397,"서울특별시","송파구","가락2동",1124067,1171063200,11.010101010101,2.4375,169.509225092251,677.070615034169,217.146912531525,614.494642119094,22,1.18413518944286,1,3,1,0.80858394037522
"398",398,"서울특별시","송파구","문정1동",1124068,1171064100,6.90714285714286,1.84146341463415,51.8920972644377,636.022580645161,203.133220907621,651.275678137972,17,1.37916469543773,0,2,1,0.652098624407216
"399",399,"서울특별시","송파구","문정2동",1124069,1171064200,32.6320346320346,14.8830769230769,201.448315911731,2726.78162911612,192.52812732863,748.813000489079,18,1.2377173554939,2,2,1,0.817097657696559
"400",400,"서울특별시","송파구","장지동",1124081,1171064600,8.9020979020979,2.76851851851852,89.3667820069204,777.28701594533,186.706468791363,637.055117259601,39,1.08857767136107,0,2,1,0.686823330737523
"401",401,"서울특별시","송파구","위례동",1124082,1171064700,1.26470588235294,1.43589743589744,39.0567765567766,336.049881235154,296.525467846436,735.031961825683,39,1.03912462603158,1,3,1,0.943005727080352
"402",402,"서울특별시","송파구","잠실본동",1124071,1171065000,44.1339491916859,25.24375,272.192307692308,2217.62903225806,193.760471208421,704.124158748803,11,1.10403468941904,1,2,1,0.703098217989493
"403",403,"서울특별시","송파구","잠실2동",1124079,1171067000,37.4929577464789,13.062015503876,115.829525483304,481.321428571429,538.815714354021,1213.71120765248,7,1.03013660725325,0,3,1,1.8235611626019
"404",404,"서울특별시","송파구","잠실3동",1124080,1171068000,96.2666666666667,1.9125,89.5917721518987,1145.15743944637,399.801246105908,813.587484705899,19,1.03257132976117,1,3,1,1.09227378933685
"405",405,"서울특별시","송파구","잠실4동",1124075,1171069000,45.9728127734207,1.51898734177215,80.9829867674858,284.550868486352,469.390565489373,1062.14891963009,7,1.35450529896832,1,3,1,1.50211894044644
"406",406,"서울특별시","송파구","잠실6동",1124077,1171071000,139.602564102564,15.4926470588235,187.443468715697,1825.89713322091,285.614844515515,651.93024040852,15,1.24265750005734,3,3,1,0.796070810890522
"407",407,"서울특별시","송파구","잠실7동",1124078,1171072000,0.103973022611327,2.58241758241758,26.4244031830239,192.930656934307,312.510529129187,661.340750633654,3,1.19915788412133,2,3,1,0.737918962877201
"408",408,"서울특별시","강동구","강일동",1125051,1174051500,3.81770833333333,1.63333333333333,61.4813664596273,921.254838709677,157.791666363578,401.349060301587,57,0.957015750882019,0,2,1,0.492916472105375
"409",409,"서울특별시","강동구","상일동",1125052,1174052000,4.20647773279352,1.22222222222222,188.947368421053,550.535714285714,222.39064723339,644.964621907309,43,1.11916122647398,1,3,1,0.905734845356623
"410",410,"서울특별시","강동구","명일1동",1125053,1174053000,15.0123456790123,4.83333333333333,131.522895125554,703.796420581656,227.907505318509,531.014616625752,19,1.00811249889822,2,3,1,0.666063246370321
"411",411,"서울특별시","강동구","명일2동",1125054,1174054000,10.7134986225895,2.75247524752475,127.263318112633,670.806378132118,159.586444787812,484.400127911245,17,1.11356028796634,0,2,1,0.516597481938227
"412",412,"서울특별시","강동구","고덕1동",1125055,1174055000,1.6865671641791,1.28571428571429,40.35477582846,176.581018518519,145.747114820529,571.760462013828,21,0.968062822961397,1,2,1,0.555543719055642
"413",413,"서울특별시","강동구","고덕2동",1125056,1174056000,2.36936936936937,2.05769230769231,88.5308411214953,311.463414634146,114.416256701926,527.69232009458,17,0.956551375274311,0,2,1,0.53428299436237
"414",414,"서울특별시","강동구","암사1동",1125072,1174057000,14.2457912457912,2.47457627118644,81.6998420221169,1058.64705882353,118.863519096887,463.30582307318,12,1.04795073855284,1,2,1,0.486432878751826
"415",415,"서울특별시","강동구","암사2동",1125058,1174058000,4.09745762711864,3.03636363636364,92.3674698795181,355.729452054795,136.869855968829,582.169379046781,7,0.959773562633075,0,2,1,0.567092663927003
"416",416,"서울특별시","강동구","암사3동",1125059,1174059000,1.125,2.14035087719298,55.4761904761905,315.028503562945,225.886086906463,588.517945053275,11,1.07798323895643,0,3,1,0.707097538621848
"417",417,"서울특별시","강동구","천호1동",1125061,1174060000,19.8064516129032,1.25,90.9407540394973,740.221393034826,102.378528230563,416.204719091789,19,1.06729743102726,0,2,1,0.463771191136382
"418",418,"서울특별시","강동구","천호2동",1125073,1174061000,23.4562841530055,15.6577946768061,183.587529976019,1509.33447098976,94.9295117273488,495.699554037315,30,1.04183921898838,0,2,1,0.529069575694644
"419",419,"서울특별시","강동구","천호3동",1125063,1174062000,16.4,18.5275229357798,103.992555831266,685.790281329923,105.150507279167,491.361853994401,13,1.03675761820271,0,2,1,0.449867938920308
"420",420,"서울특별시","강동구","성내1동",1125065,1174064000,10.7146118721461,2.85294117647059,54.1962025316456,474.140186915888,157.173930297962,575.591571092169,20,1.19766437953446,1,2,1,0.564254919525953
"421",421,"서울특별시","강동구","성내2동",1125066,1174065000,19.7837837837838,3.14,114.188059701493,982.503225806452,129.466301800423,536.756089284139,17,1.11536352124069,3,2,1,0.542678650792605
"422",422,"서울특별시","강동구","성내3동",1125067,1174066000,20.3815789473684,3.7239263803681,147.923913043478,1097.6064516129,138.293679014328,486.873393589803,14,1.15466788029129,1,2,1,0.52189590133436
"423",423,"서울특별시","강동구","길동",1125074,1174068500,26.0416666666667,21.2169117647059,285.643442622951,1383.19134396355,177.355185814994,682.153511227654,33,1.10544481998044,1,2,1,0.710516439761557
"424",424,"서울특별시","강동구","둔촌1동",1125070,1174069000,52.0851232212415,1.22727272727273,12.2636363636364,60.5036496350365,111.558095237371,327.59969325,8,1.06781440398072,0,2,1,0.361010813494114
"425",425,"서울특별시","강동구","둔촌2동",1125071,1174070000,5.1841155234657,1.59375,150.885752688172,893.947368421053,144.93261044668,531.215468230733,30,1.15226392448232,1,2,1,0.587030277573119
